|U_bias|,z (um)
0,50
6,60
9,65
15,75
20,83.3333333333333
25,91.6666666666667
