Bin,BinCentre,Content,Error
1,1.0,2422.0,49.21381919745713
2,2.0,5902.0,76.82447526667526
3,3.0,1676.0,40.93897898091744
