Bin,BinCentre,Content,Error
1,1.0,9340.0,96.64367542679655
2,2.0,643.0,25.357444666211933
3,3.0,17.0,4.123105625617661
