Bin,BinCentre,Content,Error
1,1.0,0.0,0.0
2,2.0,2.0,1.4142135623730951
3,3.0,9998.0,99.98999949994999
