Bin,BinCentre,Content,Error
1,1.0,9783.0,98.90904913100722
2,2.0,212.0,14.560219778561036
3,3.0,5.0,2.23606797749979
