Bin,BinCentre,Content,Error
1,1.0,9860.0,99.29753269845128
2,2.0,136.0,11.661903789690601
3,3.0,4.0,2.0
