Bin,BinCentre,Content,Error
1,1.0,9795.0,98.96969233053117
2,2.0,201.0,14.177446878757825
3,3.0,4.0,2.0
