Bin,BinCentre,Content,Error
1,1.0,7325.0,85.58621384311844
2,2.0,2645.0,51.42956348249516
3,3.0,30.0,5.477225575051661
