Bin,BinCentre,Content,Error
1,1.0,9779.0,98.88882646689666
2,2.0,214.0,14.628738838327793
3,3.0,7.0,2.6457513110645907
