Bin,BinCentre,Content,Error
1,1.0,95.0,9.746794344808963
2,2.0,1793.0,42.34383071948026
3,3.0,8112.0,90.06664199358161
