Bin,BinCentre,Content,Error
1,1.0,9888.0,99.43842315724842
2,2.0,110.0,10.488088481701515
3,3.0,2.0,1.4142135623730951
