Bin,BinCentre,Content,Error
1,1.0,9810.0,99.04544411531506
2,2.0,186.0,13.638181696985855
3,3.0,4.0,2.0
