Bin,BinCentre,Content,Error
1,1.0,9908.0,99.53893710503444
2,2.0,88.0,9.38083151964686
3,3.0,4.0,2.0
