Bin,BinCentre,Content,Error
1,1.0,5428.0,73.67496182557545
2,2.0,4155.0,64.45928947793328
3,3.0,417.0,20.42057785666214
