Bin,BinCentre,Content,Error
1,1.0,9866.0,99.32774033471213
2,2.0,130.0,11.40175425099138
3,3.0,4.0,2.0
