Bin,BinCentre,Content,Error
1,1.0,9757.0,98.77752780870759
2,2.0,237.0,15.394804318340652
3,3.0,6.0,2.449489742783178
