Bin,BinCentre,Content,Error
1,1.0,9897.0,99.48366700117161
2,2.0,99.0,9.9498743710662
3,3.0,4.0,2.0
