Bin,BinCentre,Content,Error
1,1.0,9642.0,98.1936861514018
2,2.0,342.0,18.49324200890693
3,3.0,16.0,4.0
