Bin,BinCentre,Content,Error
1,1.0,9923.0,99.61425600786265
2,2.0,76.0,8.717797887081348
3,3.0,1.0,1.0
