Bin,BinCentre,Content,Error
1,1.0,9920.0,99.59919678390986
2,2.0,79.0,8.888194417315589
3,3.0,1.0,1.0
