Bin,BinCentre,Content,Error
1,1.0,9841.0,99.20181449953424
2,2.0,157.0,12.529964086141668
3,3.0,2.0,1.4142135623730951
