Bin,BinCentre,Content,Error
1,1.0,9906.0,99.52889027814989
2,2.0,90.0,9.486832980505138
3,3.0,4.0,2.0
