Bin,BinCentre,Content,Error
1,1.0,9763.0,98.80789442144793
2,2.0,228.0,15.0996688705415
3,3.0,9.0,3.0
