Bin,BinCentre,Content,Error
1,1.0,9834.0,99.16652661054536
2,2.0,163.0,12.767145334803704
3,3.0,3.0,1.7320508075688772
