Bin,BinCentre,Content,Error
1,1.0,8605.0,92.76313923105448
2,2.0,1313.0,36.235341863986875
3,3.0,82.0,9.055385138137417
