Bin,BinCentre,Content,Error
1,1.0,9824.0,99.11609354691093
2,2.0,174.0,13.19090595827292
3,3.0,2.0,1.4142135623730951
