Bin,BinCentre,Content,Error
1,1.0,3796.0,61.61168720299745
2,2.0,5074.0,71.2320152740325
3,3.0,1130.0,33.61547262794322
