Bin,BinCentre,Content,Error
1,1.0,9810.0,99.04544411531506
2,2.0,180.0,13.416407864998739
3,3.0,10.0,3.1622776601683795
