Bin,BinCentre,Content,Error
1,1.0,8815.0,93.888231424391
2,2.0,1177.0,34.307433596816885
3,3.0,8.0,2.8284271247461903
