Angle,Average Cluster Size,Standard Deviation,Error on Average
0,1.02,0.1469693845669909,0.001469693845669909
5,1.0218,0.15074733828495873,0.0015074733828495874
10,1.0342,0.18501448591934577,0.0018501448591934577
15,1.1484,0.36024636014816275,0.0036024636014816273
20,1.6896,0.5177372306489075,0.005177372306489075
25,2.9811,0.13617191340360793,0.0013617191340360793
30,3.0,0.0,0.0
35,3.0,0.0,0.0
40,3.0,0.0,0.0
45,3.0,0.0,0.0
50,3.0,0.0,0.0
55,3.0,0.0,0.0
60,3.0,0.0,0.0
