Bin,BinCentre,Content,Error
1,1.0,9843.0,99.21189444819608
2,2.0,152.0,12.328828005937952
3,3.0,5.0,2.23606797749979
