Bin,BinCentre,Content,Error
1,1.0,8182.0,90.45440840556087
2,2.0,1797.0,42.391036788453285
3,3.0,21.0,4.58257569495584
