Bin,BinCentre,Content,Error
1,1.0,9786.0,98.92421341612983
2,2.0,205.0,14.317821063276353
3,3.0,9.0,3.0
