Bin,BinCentre,Content,Error
1,1.0,9888.0,99.43842315724842
2,2.0,112.0,10.583005244258363
3,3.0,0.0,0.0
