Bin,BinCentre,Content,Error
1,1.0,9513.0,97.53460924205315
2,2.0,484.0,22.0
3,3.0,3.0,1.7320508075688772
