Bin,BinCentre,Content,Error
1,1.0,885.0,29.748949561287034
2,2.0,4397.0,66.30987860040162
3,3.0,4718.0,68.68769904429759
