Bin,BinCentre,Content,Error
1,1.0,9882.0,99.40824915468535
2,2.0,116.0,10.770329614269007
3,3.0,2.0,1.4142135623730951
