Bin,BinCentre,Content,Error
1,1.0,9748.0,98.73196037757987
2,2.0,244.0,15.620499351813308
3,3.0,8.0,2.8284271247461903
