Bin,BinCentre,Content,Error
1,1.0,9109.0,95.44108130150245
2,2.0,872.0,29.5296461204668
3,3.0,19.0,4.358898943540674
