Bin,BinCentre,Content,Error
1,1.0,466.0,21.587033144922902
2,2.0,3430.0,58.56620185738529
3,3.0,6104.0,78.12809993849844
