Bin,BinCentre,Content,Error
1,1.0,9773.0,98.85848471426213
2,2.0,219.0,14.798648586948742
3,3.0,8.0,2.8284271247461903
