Bin,BinCentre,Content,Error
1,1.0,8451.0,91.92932067626738
2,2.0,1535.0,39.179076048319466
3,3.0,14.0,3.7416573867739413
