Bin,BinCentre,Content,Error
1,1.0,9899.0,99.49371839468057
2,2.0,99.0,9.9498743710662
3,3.0,2.0,1.4142135623730951
