Bin,BinCentre,Content,Error
1,1.0,9822.0,99.10600385445879
2,2.0,172.0,13.114877048604
3,3.0,6.0,2.449489742783178
