Bin,BinCentre,Content,Error
1,1.0,9933.0,99.66443698732262
2,2.0,67.0,8.18535277187245
3,3.0,0.0,0.0
