Bin,BinCentre,Content,Error
1,1.0,9472.0,97.32420048477151
2,2.0,510.0,22.58317958127243
3,3.0,18.0,4.242640687119285
