Bin,BinCentre,Content,Error
1,1.0,9931.0,99.65440281292142
2,2.0,67.0,8.18535277187245
3,3.0,2.0,1.4142135623730951
