Bin,BinCentre,Content,Error
1,1.0,9730.0,98.64076236526155
2,2.0,262.0,16.186414056238647
3,3.0,8.0,2.8284271247461903
