Bin,BinCentre,Content,Error
1,1.0,9908.0,99.53893710503444
2,2.0,91.0,9.539392014169456
3,3.0,1.0,1.0
