Bin,BinCentre,Content,Error
1,1.0,9895.0,99.47361459201129
2,2.0,103.0,10.14889156509222
3,3.0,2.0,1.4142135623730951
