Bin,BinCentre,Content,Error
1,1.0,9824.0,99.11609354691093
2,2.0,170.0,13.038404810405298
3,3.0,6.0,2.449489742783178
