Bin,BinCentre,Content,Error
1,1.0,9817.0,99.08077512817509
2,2.0,181.0,13.45362404707371
3,3.0,2.0,1.4142135623730951
