Bin,BinCentre,Content,Error
1,1.0,9830.0,99.1463564635635
2,2.0,165.0,12.84523257866513
3,3.0,5.0,2.23606797749979
