Bin,BinCentre,Content,Error
1,1.0,9862.0,99.30760293149764
2,2.0,133.0,11.532562594670797
3,3.0,5.0,2.23606797749979
