Bin,BinCentre,Content,Error
1,1.0,9548.0,97.71386800244886
2,2.0,447.0,21.142374511865974
3,3.0,5.0,2.23606797749979
