Bin,BinCentre,Content,Error
1,1.0,9876.0,99.37806599043876
2,2.0,119.0,10.908712114635714
3,3.0,5.0,2.23606797749979
