Bin,BinCentre,Content,Error
1,1.0,9921.0,99.60421677820673
2,2.0,77.0,8.774964387392123
3,3.0,2.0,1.4142135623730951
