Bin,BinCentre,Content,Error
1,1.0,3.0,1.7320508075688772
2,2.0,296.0,17.204650534085253
3,3.0,9701.0,98.49365461794989
