Bin,BinCentre,Content,Error
1,1.0,9791.0,98.94948206029176
2,2.0,204.0,14.2828568570857
3,3.0,5.0,2.23606797749979
