Bin,BinCentre,Content,Error
1,1.0,9794.0,98.96464014990404
2,2.0,203.0,14.247806848775006
3,3.0,3.0,1.7320508075688772
