Bin,BinCentre,Content,Error
1,1.0,6355.0,79.71825386948713
2,2.0,3592.0,59.93329625508679
3,3.0,53.0,7.280109889280518
