Bin,BinCentre,Content,Error
1,1.0,9759.0,98.78765105011861
2,2.0,235.0,15.329709716755891
3,3.0,6.0,2.449489742783178
