Bin,BinCentre,Content,Error
1,1.0,9867.0,99.3327740476425
2,2.0,128.0,11.313708498984761
3,3.0,5.0,2.23606797749979
