Bin,BinCentre,Content,Error
1,1.0,9825.0,99.12113800799504
2,2.0,170.0,13.038404810405298
3,3.0,5.0,2.23606797749979
