Bin,BinCentre,Content,Error
1,1.0,9813.0,99.06058752097123
2,2.0,183.0,13.527749258468683
3,3.0,4.0,2.0
