Bin,BinCentre,Content,Error
1,1.0,0.0,0.0
2,2.0,10.0,3.1622776601683795
3,3.0,9990.0,99.9499874937461
