Bin,BinCentre,Content,Error
1,1.0,0.0,0.0
2,2.0,189.0,13.74772708486752
3,3.0,9811.0,99.05049217444606
