Bin,BinCentre,Content,Error
1,1.0,9928.0,99.6393496566492
2,2.0,72.0,8.48528137423857
3,3.0,0.0,0.0
