Bin,BinCentre,Content,Error
1,1.0,9141.0,95.60857702110204
2,2.0,819.0,28.61817604250837
3,3.0,40.0,6.324555320336759
