Bin,BinCentre,Content,Error
1,1.0,9790.0,98.94442884771229
2,2.0,197.0,14.035668847618199
3,3.0,13.0,3.605551275463989
