Bin,BinCentre,Content,Error
1,1.0,9756.0,98.77246579892596
2,2.0,237.0,15.394804318340652
3,3.0,7.0,2.6457513110645907
