Bin,BinCentre,Content,Error
1,1.0,9917.0,99.58413528268446
2,2.0,82.0,9.055385138137417
3,3.0,1.0,1.0
