Bin,BinCentre,Content,Error
1,1.0,9901.0,99.50376877284599
2,2.0,99.0,9.9498743710662
3,3.0,0.0,0.0
