Bin,BinCentre,Content,Error
1,1.0,9719.0,98.58498871532116
2,2.0,272.0,16.492422502470642
3,3.0,9.0,3.0
