Bin,BinCentre,Content,Error
1,1.0,9850.0,99.24716620639605
2,2.0,144.0,12.0
3,3.0,6.0,2.449489742783178
