Bin,BinCentre,Content,Error
1,1.0,9775.0,98.86859966642594
2,2.0,223.0,14.933184523068078
3,3.0,2.0,1.4142135623730951
