Bin,BinCentre,Content,Error
1,1.0,9789.0,98.93937537704592
2,2.0,204.0,14.2828568570857
3,3.0,7.0,2.6457513110645907
