Bin,BinCentre,Content,Error
1,1.0,3374.0,58.08614292583042
2,2.0,6356.0,79.724525711979
3,3.0,270.0,16.431676725154983
