Bin,BinCentre,Content,Error
1,1.0,9600.0,97.97958971132712
2,2.0,381.0,19.519221295943137
3,3.0,19.0,4.358898943540674
