Bin,BinCentre,Content,Error
1,1.0,9719.0,98.58498871532116
2,2.0,276.0,16.61324772583615
3,3.0,5.0,2.23606797749979
