Bin,BinCentre,Content,Error
1,1.0,9887.0,99.43339479269528
2,2.0,110.0,10.488088481701515
3,3.0,3.0,1.7320508075688772
