Bin,BinCentre,Content,Error
1,1.0,9934.0,99.66945369570358
2,2.0,64.0,8.0
3,3.0,2.0,1.4142135623730951
