Bin,BinCentre,Content,Error
1,1.0,8988.0,94.80506315593065
2,2.0,969.0,31.12876483254676
3,3.0,43.0,6.557438524302
