Bin,BinCentre,Content,Error
1,1.0,9937.0,99.68450230602548
2,2.0,62.0,7.874007874011811
3,3.0,1.0,1.0
