Bin,BinCentre,Content,Error
1,1.0,9664.0,98.30564581955606
2,2.0,330.0,18.16590212458495
3,3.0,6.0,2.449489742783178
