Bin,BinCentre,Content,Error
1,1.0,9703.0,98.50380703302791
2,2.0,286.0,16.911534525287763
3,3.0,11.0,3.3166247903554
