Bin,BinCentre,Content,Error
1,1.0,9526.0,97.6012295004525
2,2.0,469.0,21.656407827707714
3,3.0,5.0,2.23606797749979
