Bin,BinCentre,Content,Error
1,1.0,9893.0,99.46356116689167
2,2.0,103.0,10.14889156509222
3,3.0,4.0,2.0
