Bin,BinCentre,Content,Error
1,1.0,9813.0,99.06058752097123
2,2.0,182.0,13.490737563232042
3,3.0,5.0,2.23606797749979
