Bin,BinCentre,Content,Error
1,1.0,9843.0,99.21189444819608
2,2.0,154.0,12.409673645990857
3,3.0,3.0,1.7320508075688772
