Bin,BinCentre,Content,Error
1,1.0,9839.0,99.1917335265394
2,2.0,155.0,12.449899597988733
3,3.0,6.0,2.449489742783178
