Bin,BinCentre,Content,Error
1,1.0,9742.0,98.70157040290697
2,2.0,247.0,15.716233645501712
3,3.0,11.0,3.3166247903554
