Bin,BinCentre,Content,Error
1,1.0,9234.0,96.0937042682818
2,2.0,753.0,27.440845468024488
3,3.0,13.0,3.605551275463989
