Bin,BinCentre,Content,Error
1,1.0,9845.0,99.22197337283713
2,2.0,151.0,12.288205727444508
3,3.0,4.0,2.0
