Bin,BinCentre,Content,Error
1,1.0,9802.0,99.00505037623081
2,2.0,193.0,13.892443989449804
3,3.0,5.0,2.23606797749979
