Bin,BinCentre,Content,Error
1,1.0,9853.0,99.2622788374315
2,2.0,142.0,11.916375287812984
3,3.0,5.0,2.23606797749979
