Bin,BinCentre,Content,Error
1,1.0,9796.0,98.97474425326898
2,2.0,202.0,14.212670403551895
3,3.0,2.0,1.4142135623730951
