Bin,BinCentre,Content,Error
1,1.0,9841.0,99.20181449953424
2,2.0,155.0,12.449899597988733
3,3.0,4.0,2.0
