Bin,BinCentre,Content,Error
1,1.0,128.0,11.313708498984761
2,2.0,2100.0,45.8257569495584
3,3.0,7772.0,88.15894736213676
