Bin,BinCentre,Content,Error
1,1.0,9824.0,99.11609354691093
2,2.0,166.0,12.884098726725126
3,3.0,10.0,3.1622776601683795
