Bin,BinCentre,Content,Error
1,1.0,9928.0,99.6393496566492
2,2.0,69.0,8.306623862918075
3,3.0,3.0,1.7320508075688772
