Bin,BinCentre,Content,Error
1,1.0,8533.0,92.37423883312923
2,2.0,1450.0,38.07886552931954
3,3.0,17.0,4.123105625617661
