Bin,BinCentre,Content,Error
1,1.0,9832.0,99.15644204992432
2,2.0,164.0,12.806248474865697
3,3.0,4.0,2.0
