Bin,BinCentre,Content,Error
1,1.0,9844.0,99.2169340384997
2,2.0,153.0,12.36931687685298
3,3.0,3.0,1.7320508075688772
