Bin,BinCentre,Content,Error
1,1.0,9882.0,99.40824915468535
2,2.0,114.0,10.677078252031311
3,3.0,4.0,2.0
