Bin,BinCentre,Content,Error
1,1.0,9621.0,98.08669634563088
2,2.0,370.0,19.235384061671343
3,3.0,9.0,3.0
