Bin,BinCentre,Content,Error
1,1.0,9857.0,99.28242543370907
2,2.0,142.0,11.916375287812984
3,3.0,1.0,1.0
