Bin,BinCentre,Content,Error
1,1.0,9868.0,99.33780750550115
2,2.0,129.0,11.357816691600547
3,3.0,3.0,1.7320508075688772
