Bin,BinCentre,Content,Error
1,1.0,9878.0,99.38812806366765
2,2.0,118.0,10.862780491200215
3,3.0,4.0,2.0
