Bin,BinCentre,Content,Error
1,1.0,9799.0,98.98989847454133
2,2.0,193.0,13.892443989449804
3,3.0,8.0,2.8284271247461903
