Bin,BinCentre,Content,Error
1,1.0,9855.0,99.27235264664579
2,2.0,142.0,11.916375287812984
3,3.0,3.0,1.7320508075688772
