Bin,BinCentre,Content,Error
1,1.0,1.0,1.0
2,2.0,103.0,10.14889156509222
3,3.0,9896.0,99.4786409235671
