Bin,BinCentre,Content,Error
1,1.0,9882.0,99.40824915468535
2,2.0,117.0,10.816653826391969
3,3.0,1.0,1.0
