Bin,BinCentre,Content,Error
1,1.0,9881.0,99.40321926376429
2,2.0,118.0,10.862780491200215
3,3.0,1.0,1.0
