Bin,BinCentre,Content,Error
1,1.0,9891.0,99.45350672550465
2,2.0,106.0,10.295630140987
3,3.0,3.0,1.7320508075688772
