Bin,BinCentre,Content,Error
1,1.0,9835.0,99.17156850630124
2,2.0,161.0,12.68857754044952
3,3.0,4.0,2.0
