Bin,BinCentre,Content,Error
1,1.0,9861.0,99.30256794262674
2,2.0,135.0,11.61895003862225
3,3.0,4.0,2.0
