Bin,BinCentre,Content,Error
1,1.0,4.0,2.0
2,2.0,358.0,18.920887928424502
3,3.0,9638.0,98.17331613019904
