Bin,BinCentre,Content,Error
1,1.0,9922.0,99.60923651951158
2,2.0,77.0,8.774964387392123
3,3.0,1.0,1.0
