Bin,BinCentre,Content,Error
1,1.0,3.0,1.7320508075688772
2,2.0,408.0,20.199009876724155
3,3.0,9589.0,97.92343948207701
