Bin,BinCentre,Content,Error
1,1.0,9910.0,99.54898291795854
2,2.0,89.0,9.433981132056603
3,3.0,1.0,1.0
