Bin,BinCentre,Content,Error
1,1.0,9949.0,99.74467404327912
2,2.0,51.0,7.14142842854285
3,3.0,0.0,0.0
