Bin,BinCentre,Content,Error
1,1.0,9916.0,99.57911427603682
2,2.0,83.0,9.1104335791443
3,3.0,1.0,1.0
