Bin,BinCentre,Content,Error
1,1.0,0.0,0.0
2,2.0,14.0,3.7416573867739413
3,3.0,9986.0,99.92997548283498
