Bin,BinCentre,Content,Error
1,1.0,9796.0,98.97474425326898
2,2.0,196.0,14.0
3,3.0,8.0,2.8284271247461903
