Bin,BinCentre,Content,Error
1,1.0,9853.0,99.2622788374315
2,2.0,139.0,11.789826122551595
3,3.0,8.0,2.8284271247461903
