Bin,BinCentre,Content,Error
1,1.0,9444.0,97.18024490605073
2,2.0,534.0,23.108440016582687
3,3.0,22.0,4.69041575982343
