Bin,BinCentre,Content,Error
1,1.0,9823.0,99.11104882907858
2,2.0,168.0,12.96148139681572
3,3.0,9.0,3.0
