Bin,BinCentre,Content,Error
1,1.0,9706.0,98.5190336940025
2,2.0,286.0,16.911534525287763
3,3.0,8.0,2.8284271247461903
