Bin,BinCentre,Content,Error
1,1.0,9622.0,98.09179374443104
2,2.0,369.0,19.209372712298546
3,3.0,9.0,3.0
