Bin,BinCentre,Content,Error
1,1.0,9816.0,99.07572861200669
2,2.0,180.0,13.416407864998739
3,3.0,4.0,2.0
