Bin,BinCentre,Content,Error
1,1.0,9869.0,99.34284070832683
2,2.0,128.0,11.313708498984761
3,3.0,3.0,1.7320508075688772
