Bin,BinCentre,Content,Error
1,1.0,9828.0,99.13626985114983
2,2.0,166.0,12.884098726725126
3,3.0,6.0,2.449489742783178
