Bin,BinCentre,Content,Error
1,1.0,9331.0,96.59710140578754
2,2.0,646.0,25.41653005427767
3,3.0,23.0,4.795831523312719
