Bin,BinCentre,Content,Error
1,1.0,9920.0,99.59919678390986
2,2.0,80.0,8.94427190999916
3,3.0,0.0,0.0
