Bin,BinCentre,Content,Error
1,1.0,9633.0,98.14784765851975
2,2.0,355.0,18.841443681416774
3,3.0,12.0,3.4641016151377544
