Bin,BinCentre,Content,Error
1,1.0,9819.0,99.09086738948247
2,2.0,177.0,13.30413469565007
3,3.0,4.0,2.0
