Bin,BinCentre,Content,Error
1,1.0,9830.0,99.1463564635635
2,2.0,167.0,12.922847983320086
3,3.0,3.0,1.7320508075688772
