Bin,BinCentre,Content,Error
1,1.0,9897.0,99.48366700117161
2,2.0,100.0,10.0
3,3.0,3.0,1.7320508075688772
