Bin,BinCentre,Content,Error
1,1.0,9858.0,99.2874614440313
2,2.0,140.0,11.832159566199232
3,3.0,2.0,1.4142135623730951
