Bin,BinCentre,Content,Error
1,1.0,3682.0,60.67948582511226
2,2.0,5185.0,72.00694410957877
3,3.0,1133.0,33.66006535941367
