Bin,BinCentre,Content,Error
1,1.0,0.0,0.0
2,2.0,7.0,2.6457513110645907
3,3.0,9993.0,99.96499387285532
