Bin,BinCentre,Content,Error
1,1.0,9707.0,98.52410872471773
2,2.0,281.0,16.76305461424021
3,3.0,12.0,3.4641016151377544
