Bin,BinCentre,Content,Error
1,1.0,9823.0,99.11104882907858
2,2.0,173.0,13.152946437965905
3,3.0,4.0,2.0
