Bin,BinCentre,Content,Error
1,1.0,9444.0,97.18024490605073
2,2.0,554.0,23.53720459187964
3,3.0,2.0,1.4142135623730951
