Bin,BinCentre,Content,Error
1,1.0,9913.0,99.56404973684026
2,2.0,85.0,9.219544457292887
3,3.0,2.0,1.4142135623730951
