Bin,BinCentre,Content,Error
1,1.0,9942.0,99.70957827611147
2,2.0,58.0,7.615773105863909
3,3.0,0.0,0.0
