Bin,BinCentre,Content,Error
1,1.0,9233.0,96.08850087289322
2,2.0,755.0,27.477263328068172
3,3.0,12.0,3.4641016151377544
