Bin,BinCentre,Content,Error
1,1.0,9816.0,99.07572861200669
2,2.0,178.0,13.341664064126334
3,3.0,6.0,2.449489742783178
