Bin,BinCentre,Content,Error
1,1.0,9847.0,99.2320512737694
2,2.0,149.0,12.206555615733702
3,3.0,4.0,2.0
