Bin,BinCentre,Content,Error
1,1.0,8166.0,90.36592278065886
2,2.0,1802.0,42.44997055358225
3,3.0,32.0,5.656854249492381
