Bin,BinCentre,Content,Error
1,1.0,9010.0,94.92101980067429
2,2.0,944.0,30.72458299147443
3,3.0,46.0,6.782329983125268
