Bin,BinCentre,Content,Error
1,1.0,9841.0,99.20181449953424
2,2.0,158.0,12.569805089976535
3,3.0,1.0,1.0
