Bin,BinCentre,Content,Error
1,1.0,9539.0,97.66780431646859
2,2.0,457.0,21.37755832643195
3,3.0,4.0,2.0
