Bin,BinCentre,Content,Error
1,1.0,9775.0,98.86859966642594
2,2.0,219.0,14.798648586948742
3,3.0,6.0,2.449489742783178
