Bin,BinCentre,Content,Error
1,1.0,1.0,1.0
2,2.0,345.0,18.57417562100671
3,3.0,9654.0,98.25477087653302
