Bin,BinCentre,Content,Error
1,1.0,9835.0,99.17156850630124
2,2.0,158.0,12.569805089976535
3,3.0,7.0,2.6457513110645907
