Bin,BinCentre,Content,Error
1,1.0,9922.0,99.60923651951158
2,2.0,73.0,8.54400374531753
3,3.0,5.0,2.23606797749979
