Bin,BinCentre,Content,Error
1,1.0,9883.0,99.41327879111522
2,2.0,116.0,10.770329614269007
3,3.0,1.0,1.0
