Bin,BinCentre,Content,Error
1,1.0,9903.0,99.51381813597547
2,2.0,95.0,9.746794344808963
3,3.0,2.0,1.4142135623730951
