Bin,BinCentre,Content,Error
1,1.0,477.0,21.840329667841555
2,2.0,3342.0,57.810033731178535
3,3.0,6181.0,78.61933604400383
