Bin,BinCentre,Content,Error
1,1.0,9645.0,98.2089608946149
2,2.0,344.0,18.547236990991408
3,3.0,11.0,3.3166247903554
