Bin,BinCentre,Content,Error
1,1.0,9883.0,99.41327879111522
2,2.0,113.0,10.63014581273465
3,3.0,4.0,2.0
