Bin,BinCentre,Content,Error
1,1.0,9927.0,99.6343314324937
2,2.0,72.0,8.48528137423857
3,3.0,1.0,1.0
