Bin,BinCentre,Content,Error
1,1.0,9828.0,99.13626985114983
2,2.0,167.0,12.922847983320086
3,3.0,5.0,2.23606797749979
