Bin,BinCentre,Content,Error
1,1.0,2.0,1.4142135623730951
2,2.0,262.0,16.186414056238647
3,3.0,9736.0,98.67117106835208
