Bin,BinCentre,Content,Error
1,1.0,7319.0,85.55115428794635
2,2.0,2658.0,51.55579501860097
3,3.0,23.0,4.795831523312719
