Bin,BinCentre,Content,Error
1,1.0,9880.0,99.39818911831343
2,2.0,116.0,10.770329614269007
3,3.0,4.0,2.0
