Bin,BinCentre,Content,Error
1,1.0,9205.0,95.94269122762817
2,2.0,768.0,27.712812921102035
3,3.0,27.0,5.196152422706632
