Bin,BinCentre,Content,Error
1,1.0,9788.0,98.93432164825309
2,2.0,209.0,14.45683229480096
3,3.0,3.0,1.7320508075688772
