Bin,BinCentre,Content,Error
1,1.0,9744.0,98.71170143402453
2,2.0,248.0,15.748015748023622
3,3.0,8.0,2.8284271247461903
