Bin,BinCentre,Content,Error
1,1.0,9922.0,99.60923651951158
2,2.0,78.0,8.831760866327848
3,3.0,0.0,0.0
