Bin,BinCentre,Content,Error
1,1.0,9825.0,99.12113800799504
2,2.0,168.0,12.96148139681572
3,3.0,7.0,2.6457513110645907
