Bin,BinCentre,Content,Error
1,1.0,9885.0,99.42333730065593
2,2.0,112.0,10.583005244258363
3,3.0,3.0,1.7320508075688772
