Bin,BinCentre,Content,Error
1,1.0,81.0,9.0
2,2.0,1858.0,43.104524124504614
3,3.0,8061.0,89.78307190111062
