Bin,BinCentre,Content,Error
1,1.0,3424.0,58.51495535331117
2,2.0,6328.0,79.54872720540537
3,3.0,248.0,15.748015748023622
