Bin,BinCentre,Content,Error
1,1.0,9797.0,98.97979591815695
2,2.0,196.0,14.0
3,3.0,7.0,2.6457513110645907
