Bin,BinCentre,Content,Error
1,1.0,9856.0,99.27738916792686
2,2.0,142.0,11.916375287812984
3,3.0,2.0,1.4142135623730951
