Bin,BinCentre,Content,Error
1,1.0,9846.0,99.22701245124736
2,2.0,153.0,12.36931687685298
3,3.0,1.0,1.0
