Bin,BinCentre,Content,Error
1,1.0,9820.0,99.09591313469996
2,2.0,177.0,13.30413469565007
3,3.0,3.0,1.7320508075688772
