Bin,BinCentre,Content,Error
1,1.0,9907.0,99.53391381835641
2,2.0,92.0,9.591663046625438
3,3.0,1.0,1.0
