Bin,BinCentre,Content,Error
1,1.0,9734.0,98.6610358753647
2,2.0,261.0,16.15549442140351
3,3.0,5.0,2.23606797749979
