Bin,BinCentre,Content,Error
1,1.0,9891.0,99.45350672550465
2,2.0,108.0,10.392304845413264
3,3.0,1.0,1.0
