Bin,BinCentre,Content,Error
1,1.0,9780.0,98.89388252060893
2,2.0,212.0,14.560219778561036
3,3.0,8.0,2.8284271247461903
