Bin,BinCentre,Content,Error
1,1.0,9826.0,99.12618221237011
2,2.0,167.0,12.922847983320086
3,3.0,7.0,2.6457513110645907
