Bin,BinCentre,Content,Error
1,1.0,6229.0,78.92401408950256
2,2.0,3721.0,61.0
3,3.0,50.0,7.0710678118654755
