Bin,BinCentre,Content,Error
1,1.0,9911.0,99.55400544428134
2,2.0,87.0,9.327379053088816
3,3.0,2.0,1.4142135623730951
