Bin,BinCentre,Content,Error
1,1.0,9739.0,98.68637190615532
2,2.0,257.0,16.0312195418814
3,3.0,4.0,2.0
