Bin,BinCentre,Content,Error
1,1.0,9912.0,99.55902771722914
2,2.0,88.0,9.38083151964686
3,3.0,0.0,0.0
