Bin,BinCentre,Content,Error
1,1.0,8790.0,93.75499986667377
2,2.0,1199.0,34.62657938636157
3,3.0,11.0,3.3166247903554
