Bin,BinCentre,Content,Error
1,1.0,9783.0,98.90904913100722
2,2.0,211.0,14.52583904633395
3,3.0,6.0,2.449489742783178
