Bin,BinCentre,Content,Error
1,1.0,887.0,29.782545223670862
2,2.0,4321.0,65.73431371817918
3,3.0,4792.0,69.22427319950712
