Bin,BinCentre,Content,Error
1,1.0,9756.0,98.77246579892596
2,2.0,239.0,15.459624833740307
3,3.0,5.0,2.23606797749979
