Bin,BinCentre,Content,Error
1,1.0,9822.0,99.10600385445879
2,2.0,176.0,13.2664991614216
3,3.0,2.0,1.4142135623730951
