Bin,BinCentre,Content,Error
1,1.0,9838.0,99.18669265581951
2,2.0,156.0,12.489995996796797
3,3.0,6.0,2.449489742783178
