Bin,BinCentre,Content,Error
1,1.0,9794.0,98.96464014990404
2,2.0,198.0,14.071247279470288
3,3.0,8.0,2.8284271247461903
