Bin,BinCentre,Content,Error
1,1.0,8591.0,92.68764750493995
2,2.0,1335.0,36.53765181289022
3,3.0,74.0,8.602325267042627
