Bin,BinCentre,Content,Error
1,1.0,9900.0,99.498743710662
2,2.0,98.0,9.899494936611665
3,3.0,2.0,1.4142135623730951
