Bin,BinCentre,Content,Error
1,1.0,9793.0,98.9595877113481
2,2.0,202.0,14.212670403551895
3,3.0,5.0,2.23606797749979
