Angle,Average Cluster Size,Standard Deviation,Error on Average
0,1.0182,0.1388119591389737,0.001388119591389737
5,1.0241,0.15785813251144235,0.0015785813251144236
10,1.0387,0.19749002506455832,0.0019749002506455836
15,1.1421,0.35792120641280867,0.0035792120641280865
20,1.6824,0.5160719329705892,0.005160719329705892
25,2.9818,0.13516197690179568,0.0013516197690179568
30,3.0,0.0,0.0
35,3.0,0.0,0.0
40,3.0,0.0,0.0
45,3.0,0.0,0.0
50,3.0,0.0,0.0
55,3.0,0.0,0.0
60,3.0,0.0,0.0
