Bin,BinCentre,Content,Error
1,1.0,9860.0,99.29753269845128
2,2.0,135.0,11.61895003862225
3,3.0,5.0,2.23606797749979
