Bin,BinCentre,Content,Error
1,1.0,9886.0,99.42836617384397
2,2.0,110.0,10.488088481701515
3,3.0,4.0,2.0
