Bin,BinCentre,Content,Error
1,1.0,9779.0,98.88882646689666
2,2.0,216.0,14.696938456699069
3,3.0,5.0,2.23606797749979
