Bin,BinCentre,Content,Error
1,1.0,9892.0,99.45853407325085
2,2.0,105.0,10.246950765959598
3,3.0,3.0,1.7320508075688772
