Bin,BinCentre,Content,Error
1,1.0,9746.0,98.72183142547549
2,2.0,243.0,15.588457268119896
3,3.0,11.0,3.3166247903554
