Bin,BinCentre,Content,Error
1,1.0,9928.0,99.6393496566492
2,2.0,71.0,8.426149773176359
3,3.0,1.0,1.0
