Bin,BinCentre,Content,Error
1,1.0,9907.0,99.53391381835641
2,2.0,89.0,9.433981132056603
3,3.0,4.0,2.0
