Bin,BinCentre,Content,Error
1,1.0,9911.0,99.55400544428134
2,2.0,89.0,9.433981132056603
3,3.0,0.0,0.0
