Bin,BinCentre,Content,Error
1,1.0,9769.0,98.8382517044894
2,2.0,220.0,14.832396974191326
3,3.0,11.0,3.3166247903554
