Bin,BinCentre,Content,Error
1,1.0,2.0,1.4142135623730951
2,2.0,178.0,13.341664064126334
3,3.0,9820.0,99.09591313469996
