Bin,BinCentre,Content,Error
1,1.0,8610.0,92.79008567729636
2,2.0,1359.0,36.864617182333525
3,3.0,31.0,5.5677643628300215
