Bin,BinCentre,Content,Error
1,1.0,9531.0,97.62684057163789
2,2.0,465.0,21.563858652847824
3,3.0,4.0,2.0
