Bin,BinCentre,Content,Error
1,1.0,9879.0,99.39315871829409
2,2.0,117.0,10.816653826391969
3,3.0,4.0,2.0
