Bin,BinCentre,Content,Error
1,1.0,9901.0,99.50376877284599
2,2.0,96.0,9.797958971132712
3,3.0,3.0,1.7320508075688772
