Bin,BinCentre,Content,Error
1,1.0,9878.0,99.38812806366765
2,2.0,117.0,10.816653826391969
3,3.0,5.0,2.23606797749979
