Bin,BinCentre,Content,Error
1,1.0,9805.0,99.02019995940222
2,2.0,194.0,13.92838827718412
3,3.0,1.0,1.0
