Bin,BinCentre,Content,Error
1,1.0,9822.0,99.10600385445879
2,2.0,170.0,13.038404810405298
3,3.0,8.0,2.8284271247461903
