Bin,BinCentre,Content,Error
1,1.0,9838.0,99.18669265581951
2,2.0,159.0,12.609520212918492
3,3.0,3.0,1.7320508075688772
