Bin,BinCentre,Content,Error
1,1.0,9636.0,98.16312953446422
2,2.0,350.0,18.708286933869708
3,3.0,14.0,3.7416573867739413
