Bin,BinCentre,Content,Error
1,1.0,9904.0,99.51884243699783
2,2.0,92.0,9.591663046625438
3,3.0,4.0,2.0
