Bin,BinCentre,Content,Error
1,1.0,9817.0,99.08077512817509
2,2.0,183.0,13.527749258468683
3,3.0,0.0,0.0
