Bin,BinCentre,Content,Error
1,1.0,9816.0,99.07572861200669
2,2.0,179.0,13.379088160259652
3,3.0,5.0,2.23606797749979
