Bin,BinCentre,Content,Error
1,1.0,9863.0,99.31263766510283
2,2.0,134.0,11.575836902790225
3,3.0,3.0,1.7320508075688772
