Bin,BinCentre,Content,Error
1,1.0,9938.0,99.68951800465283
2,2.0,61.0,7.810249675906654
3,3.0,1.0,1.0
