Bin,BinCentre,Content,Error
1,1.0,9905.0,99.5238664843765
2,2.0,92.0,9.591663046625438
3,3.0,3.0,1.7320508075688772
