Bin,BinCentre,Content,Error
1,1.0,9850.0,99.24716620639605
2,2.0,146.0,12.083045973594572
3,3.0,4.0,2.0
