Bin,BinCentre,Content,Error
1,1.0,7.0,2.6457513110645907
2,2.0,390.0,19.748417658131498
3,3.0,9603.0,97.99489782636645
