Bin,BinCentre,Content,Error
1,1.0,9910.0,99.54898291795854
2,2.0,88.0,9.38083151964686
3,3.0,2.0,1.4142135623730951
