Bin,BinCentre,Content,Error
1,1.0,9940.0,99.69954864491613
2,2.0,59.0,7.681145747868608
3,3.0,1.0,1.0
