Bin,BinCentre,Content,Error
1,1.0,9877.0,99.38309715439543
2,2.0,122.0,11.045361017187261
3,3.0,1.0,1.0
