Bin,BinCentre,Content,Error
1,1.0,5419.0,73.61385739111897
2,2.0,4158.0,64.48255578061404
3,3.0,423.0,20.566963801203133
