Bin,BinCentre,Content,Error
1,1.0,9847.0,99.2320512737694
2,2.0,150.0,12.24744871391589
3,3.0,3.0,1.7320508075688772
