Bin,BinCentre,Content,Error
1,1.0,9144.0,95.62426470305536
2,2.0,843.0,29.03446228191595
3,3.0,13.0,3.605551275463989
