Bin,BinCentre,Content,Error
1,1.0,9772.0,98.85342685005918
2,2.0,218.0,14.7648230602334
3,3.0,10.0,3.1622776601683795
