Bin,BinCentre,Content,Error
1,1.0,9882.0,99.40824915468535
2,2.0,110.0,10.488088481701515
3,3.0,8.0,2.8284271247461903
