Bin,BinCentre,Content,Error
1,1.0,9865.0,99.32270636667126
2,2.0,132.0,11.489125293076057
3,3.0,3.0,1.7320508075688772
