Bin,BinCentre,Content,Error
1,1.0,0.0,0.0
2,2.0,3.0,1.7320508075688772
3,3.0,9997.0,99.98499887483122
