Bin,BinCentre,Content,Error
1,1.0,8462.0,91.98912979260103
2,2.0,1524.0,39.03844259188627
3,3.0,14.0,3.7416573867739413
