Bin,BinCentre,Content,Error
1,1.0,135.0,11.61895003862225
2,2.0,2081.0,45.617978911828175
3,3.0,7784.0,88.2269800004511
