Bin,BinCentre,Content,Error
1,1.0,2369.0,48.67237409455183
2,2.0,5887.0,76.72678802087313
3,3.0,1744.0,41.7612260356422
