Bin,BinCentre,Content,Error
1,1.0,9751.0,98.7471518576612
2,2.0,239.0,15.459624833740307
3,3.0,10.0,3.1622776601683795
