Bin,BinCentre,Content,Error
1,1.0,9831.0,99.15139938498095
2,2.0,164.0,12.806248474865697
3,3.0,5.0,2.23606797749979
