Bin,BinCentre,Content,Error
1,1.0,0.0,0.0
2,2.0,104.0,10.198039027185569
3,3.0,9896.0,99.4786409235671
