Bin,BinCentre,Content,Error
1,1.0,9859.0,99.29249719893241
2,2.0,138.0,11.74734012447073
3,3.0,3.0,1.7320508075688772
