Bin,BinCentre,Content,Error
1,1.0,9766.0,98.82307422864359
2,2.0,227.0,15.066519173319364
3,3.0,7.0,2.6457513110645907
