Angle,Average Cluster Size,Standard Deviation,Error on Average
0,1.0,0.0,0.0
5,1.0,0.0,0.0
10,1.0,0.0,0.0
15,1.0,0.0,0.0
20,1.0,0.0,0.0
25,1.0,0.0,0.0
30,1.0,0.0,0.0
35,1.0,0.0,0.0
40,1.0,0.0,0.0
45,1.0416666666666667,0.19982631347136282,0.04078937543218993
50,1.0,0.0,0.0
55,1.0,0.0,0.0
60,1.0588235294117647,0.23529411764705874,0.057067205890901855
